;Infracciones;AOL;Suspensiones;Juicio Experto;N° Dest Sin AOL;Ton Dest SIN AOL;N° Patentes Utilizadas;Prom Días (Fecha Recurso a Fecha Declaración);N° Regiones destino;N° Transacciones;N° Destinatarios;N° Especies Visadas;N° Declaraciones Origen;Toneladas Abastecimiento;Abastecimiento DA;Abastecimiento DI;Abastecimiento COM;N° Declaraciones de Proveedor;Toneladas Destinos;N° Declaraciones Abastecimiento;Toneladas Stock;N° Declaraciones Destinos;Toneladas Visadas;N° Solicitudes AOL;Prom Tons AOL
Shinji Okazaki Leicester City & Japan;87;50;2;5;308;292,85;147;2;10;1479;126;5;1216;1.232,71;1073,141;0;154,649;1.225;2.459,42;680;0,40;799;1083,878;816;1,33
Karim Onisiwo Mainz & Austria*;71;20;1;5;6;1,75;125;1;10;767;96;6;468;325,55;271,776;8,25;53,776;451;321,97;333;3,58;434;329,722;542;0,61
ymen Abdennour | Valencia & Túnez *;49;6;1;;39;27,90;40;2;1;357;3;2;459;473,47;0;0;473,467;179;473,47;181;0,00;176;442,494;166;2,67
Omar Abdulrahman | Al Ain & UAE;48;55;0;5;17;6,92;104;1;9;1598;128;9;601;447,78;372,715;0;75,064;571;441,35;518;2,57;1.080;623;1.564;0,40
Vincent Aboubakar | Porto & Camerún;39;4;2;5;6;2,40;54;1;7;819;75;1;409;380,14;295,726;0;79,16;463;760,27;352;0,00;467;378,136;465;0,81
Sebastian Abreu | Sol de América & Uruguay*;35;61;1;5;589;336,34;83;1;11;2476;60;4;1629;1.830,12;1452,326;0;373,297;1.641;1.827,11;982;0,11;1.494;1535,59;1.093;1,40
Adrien Silva | Sporting CP & Portugal*;35;54;0;;412;67,23;186;5;6;1767;173;10;457;370,53;0;0;370,531;270;305,93;237;67,11;1.530;293,224;1.178;0,25
Aritz Aduriz | Athletic Club & España;30;8;0;;0;0,00;46;0;9;353;40;3;202;151,18;151,182;0;0;202;151,18;162;0,00;191;169,017;191;0,88
Sergio Agüero | Manchester City & Argentina;26;12;1;5;89;20,53;24;19;2;451;74;17;119;98,64;0;35,658;77,255;107;93,07;104;6,57;347;138,443;290;0,48
David Alaba | Bayern Munich & Austria;25;9;0;5;8;9,26;48;0;5;410;35;2;355;311,58;311,578;0;0;355;311,58;202;0,00;208;304,635;202;1,51
Jordi Alba | Barcelona & España;24;24;1;;80;9,16;128;25;7;852;95;20;125;75,22;9,18;0;66,038;145;68,06;140;10,45;712;124,021;653;0,19
Paco Alcácer | Valencia & España;24;6;0;;262;26,09;93;13;6;1060;145;31;170;89,43;0;0;89,426;160;90,69;151;0,00;909;225,813;742;0,30
Toby Alderweireld Tottenham & Bélgica;24;10;0;;36;3,28;36;2;7;1260;62;2;212;115,55;8,66;0;106,889;146;115,07;145;0,34;1.115;112,087;1.337;0,08
Alex Teixeira | Jiangsu Suning & Brasil;23;2;0;;2;0,40;20;4;3;62;21;4;29;10,86;1;0;9,861;22;6,70;20;4,16;42;13,622;41;0,33
Alisson | Internacional & Brasil*;21;2;0;;2;0,05;72;2;4;237;60;4;31;22,83;0;0;20,828;22;16,09;30;6,74;207;17,54;207;0,08
Dele Alli | Tottenham & Inglaterra*;19;0;0;;5;0,54;6;5;3;45;20;9;14;4,75;0;0;4,745;13;1,93;13;2,82;32;3,501;28;0,13
Dani Alves | Barcelona & Brazil;19;0;0;;5;1,44;10;11;3;82;14;12;30;23,16;0;0;23,163;29;19,13;30;4,04;52;36,713;50;0,73
Andre Andre | Porto & Portugal;18;9;0;;63;25,54;33;0;6;776;37;9;422;274,94;269,078;0;4,92;426;274,94;373;0,00;403;273,796;344;0,80
Arda Turan | Barcelona & Turquía;18;0;0;;46;28,15;59;17;7;564;89;10;114;91,19;9,915;0;75,412;78;89,00;80;3,47;484;156,389;457;0,34
Marko Arnautovic | Stoke City & Austria*;18;10;0;;6;6,12;59;1;8;1130;43;15;390;1.033,00;610,62;0;413,464;589;1.033,00;488;0,00;642;1302,071;638;2,04
Takuma Asano | Sanfrecce Hiroshima & Japón*;17;4;0;;37;7,67;211;21;5;579;136;24;95;86,83;0;0;86,828;80;50,73;78;39,07;501;147,026;475;0,31
Pierre-Emerick Aubameyang | Dortmund & Gabón;17;2;0;;8;0,81;27;2;7;363;19;2;136;43,33;39,768;0;3,56;140;43,33;136;0,30;227;42,588;221;0,19
Serge Aurier | PSG & Costa de Marfil;16;0;1;5;3;0,28;20;22;8;83;25;12;61;38,11;0;0;38,11;37;35,65;32;2,46;51;91,643;51;1,80
Andre Ayew | Swansea & Ghana;16;2;0;;19;1,76;51;13;5;219;71;22;29;11,32;0;0;11,324;26;11,54;26;0,14;193;48,371;183;0,26
Sardar Azmoun | Rostov (cedido por Rubin) & Irán;16;8;0;;1;2,00;32;1;6;362;23;2;260;243,74;222,199;0;17,256;249;243,43;176;0,31;186;240,391;186;1,29
arlos Bacca |AC Milan & Colombia;16;0;0;;0;0,00;1;6;1;2;1;2;1;0,86;0,858;0;0;1;0,86;1;0,00;1;0,946;1;0,95
Eric Bailly | Villarreal & Costa de Marfil*;16;2;0;;0;0,00;14;9;5;88;11;6;43;43,26;20,715;9,023;22,545;45;43,26;43;0,00;45;47,642;45;1,06
Cedric Bakambu | Villarreal & RD Congo*;15;4;0;;4;2,80;27;2;6;291;25;1;144;111,03;0;0;111,031;110;111,14;98;0,00;193;108,026;190;0,57
Gareth Bale | Real Madrid & Gales;15;3;0;;4;0,07;42;6;3;255;72;32;45;22,41;0;0;22,409;44;15,53;42;6,88;213;60,136;222;0,27
Ever Banega | Sevilla & Argentina*;15;10;0;;1;1,21;21;0;4;216;11;3;143;148,39;148,391;0;0;143;148,39;104;0,00;112;148,06;112;1,32
Ross Barkley | Everton & England;14;0;1;;2;0,24;12;3;3;52;9;4;25;35,70;12,482;0;22,42;27;34,02;23;1,68;29;35,862;28;1,28
Abdel Barrada | Marseille & Morocco*;14;2;0;;34;4,12;30;50;4;259;69;15;66;39,08;0;0;38,285;47;35,22;44;5,10;215;57,126;194;0,29
Diego Barreto | Olimpia & Paraguay*;14;0;0;;9;0,37;66;4;7;183;86;6;33;15,98;0;0;15,98;32;14,43;31;1,55;152;38,705;145;0,27
Wilmar Barrios | Tolima & Colombia*;13;20;0;;2.098;1.566,85;29;1;1;2212;2;2;3836;3.796,47;3790,737;0;5,73;3.835;3.788,44;1.186;8,04;1.026;2217,093;772;2,87
Augusto Batalla | River Plate & Argentina;13;1;0;5;17;9,26;16;1;6;132;9;3;113;133,47;84,259;0;49,206;99;133,24;65;0,22;67;128,901;62;2,08
Michy Batshuayi | Marseille & Belgium*;12;10;0;;8;1,21;30;1;5;1110;64;3;233;199,60;0;0;199,604;120;198,83;124;0,77;986;202,788;984;0,21
Claudio Beauvue |Celta Vigo & France;11;3;0;;4;0,11;21;2;7;407;22;21;108;77,93;50,641;0;27,29;155;77,94;152;0,00;255;183,312;253;0,72
Karim Bellarabi | Bayer Leverkusen & Germany;11;0;0;;0;0,00;8;0;2;90;9;1;102;85,61;82,71;0;2,9;103;85,61;45;0,00;45;85,61;45;1,90
Hatem Ben Arfa | Nice & France*;11;1;0;;58;15,87;47;18;5;195;37;12;69;76,01;0;0;76,011;44;75,18;39;0,83;156;237,629;128;1,86
Lars Bender | Bayer 04 Leverkusen & Germany;11;0;0;;0;0,00;9;1;3;106;14;6;53;24,82;0,52;0;24,3;42;24,82;42;0,00;64;27,793;64;0,43
Dario Benedetto | America & Mexico;10;12;0;;355;24,10;94;15;6;1852;123;45;302;127,04;0;0;127,038;248;111,00;246;19,48;1.606;375,706;1.306;0,29
Martin Benitez | Independiente & Argentina*;10;1;0;;60;25,96;35;2;5;312;26;8;145;157,56;151,366;0;2,623;150;157,76;119;0,00;193;139,777;139;1,01
Karim Benzema | Real Madrid & France;10;0;0;;7;1,46;9;13;4;1149;84;15;172;46,29;0;0;46,288;170;41,14;158;5,15;991;315,679;985;0,32
Domenico Berardi | Sassuolo & Italy;10;2;0;;2;0,68;15;0;2;131;2;3;66;19,63;0,3;0;19,326;65;19,63;65;0,00;66;20,444;65;0,31
Bernardo Silva Monaco & Portugal;9;1;0;;2;1,70;23;1;1;370;9;2;435;290,43;290,426;0;0;435;290,42;183;0,01;187;290,911;186;1,56
Lucas Biglia | Lazio & Argentina;9;4;0;;182;155,04;23;5;1;326;6;3;548;444,45;49,264;0;395,184;188;444,45;164;0,00;162;296,961;107;2,78
Birkir Bjarnason | Basel & Iceland*;9;12;0;;12;0,79;39;3;3;267;35;11;82;31,33;0;0;30,84;76;12,25;77;19,08;190;15,418;180;0,09
Jerome Boateng Bayern Munich & Germany;8;0;0;;7;1,11;30;6;5;50;20;6;5;8,46;0;0;8,455;6;8,06;6;0,40;44;38,502;38;1,01
Daniel Bode | Ferencvaros & Hungary*;8;18;0;;17;11,75;11;3;1;174;7;2;372;252,31;226,652;0;25,659;364;252,31;108;0,00;66;252,231;62;4,07
Miler Bolaños | Gremio & Ecuador;7;11;0;;279;228,00;27;1;3;690;12;3;1197;1.107,64;1096,164;0;9,751;1.202;1.107,00;320;0,64;371;872,811;302;2,89
Yannick Bolasie | Crystal Palace & DR Congo;7;64;0;;19;1,14;11;11;7;480;59;1;130;66,31;25,31;0;40,645;116;66,41;108;0,65;372;65,271;466;0,14
Giacomo Bonaventura Milan & Italy;7;1;0;;15;0,72;39;27;4;150;37;13;39;5,27;0;0;5,268;36;5,21;35;0,30;115;45,407;105;0,43
Leonardo Bonucci Juventus & Italy*;7;14;0;;6;2,77;18;14;6;60;29;1;27;23,67;23,67;0;0;27;25,15;27;0,00;33;22,38;67;0,33
Alberto Botía Olympiakos & Spain;6;2;0;;0;0,00;9;0;1;216;2;2;533;292,53;292,525;0;0;533;292,53;106;0,00;110;292,668;110;2,66
Gustavo Bou Racing & Argentina;6;0;0;;11;1,85;57;9;6;471;89;9;62;53,57;0;0;53,574;36;47,05;54;6,53;417;55,653;408;0,14
Sofiane Boufal Lille & France*;6;0;0;;0;0,00;5;0;4;25;7;2;32;23,12;23,119;0;0;32;23,12;12;0,00;13;23,905;13;1,84
Michael Bradley Toronto & USA;5;1;0;;64;7,24;10;25;5;736;39;11;109;44,37;0;0;44,367;98;41,86;86;3,68;650;46,506;604;0,08
Robbie Brady Norwich City & Rep Ireland*;5;6;1;;20;1,33;37;38;4;404;93;34;81;25,82;0;0;24,298;77;18,11;71;7,87;333;205,021;319;0,64
Yacine Brahimi Porto & Algeria;5;2;0;;137;10,97;40;20;4;475;33;16;115;27,64;0;0;27,638;112;25,24;109;3,86;366;55,624;256;0,22
Martin Braithwaite Toulouse & Denmark*;5;3;0;;100;3,99;8;33;2;287;32;10;79;11,47;0;0;11,466;60;6,96;57;5,46;230;21,007;150;0,14
Claudio Bravo Barcelona & Chile*;5;1;0;;10;0,55;13;21;2;179;19;17;47;7,83;0;0;7,829;81;6,17;69;1,66;110;28,242;102;0,28
Bruno Soriano Villarreal & Spain*;4;31;0;;131;15,10;12;8;2;672;63;14;113;57,44;0;0;57,435;120;36,16;102;21,27;570;46,541;465;0,10
Constantin Budescu Dalian Yifang & Romania*;4;0;1;;0;0,00;4;1;2;7;3;1;4;5,90;0;0;5,9;3;5,90;2;0,00;5;5,9;5;1,18
Gigi Buffon Juventus & Italy;4;104;0;;103;73,56;15;2;4;1162;9;2;861;1.576,42;733,691;0;837,652;1.046;1.576,39;546;0,03;616;1511,807;584;2,59
Sergio Busquets | Barcelona & Spain;4;0;0;;70;11,89;1;5;3;196;27;12;65;15,28;0;0;15,276;64;15,55;60;0,00;136;27,73;83;0,33
ohan Cabaye | Crystal Palace & France*;4;0;0;;11;0,70;4;12;2;25;3;2;12;1,53;0;0;1,53;12;1,53;11;0,00;14;1,372;5;0,27
Tim Cahill | sin equipo & Australia;4;0;0;;5;0,60;6;2;4;27;8;1;15;13,80;4,5;0;9,298;14;13,80;13;0,00;14;13,198;13;1,02
Caio | Grasshoppers & Brazil*;4;0;0;;0;0,00;5;1;2;12;2;1;8;3,10;0;0;3,1;7;3,10;6;0,00;6;3,1;6;0,52
Hakan Calhanoglu |Bayer 04 Leverkusen & Turkey;4;0;0;;0;0,00;5;3;1;10;2;1;16;15,58;0;0;15,577;5;15,58;5;0,00;5;15,577;5;3,12
Jose Callejón | Napoli & Spain;3;1;0;;43;7,05;9;31;4;80;15;2;39;19,81;0;0;19,808;31;17,60;31;2,21;49;11,416;27;0,42
Ignacio Camacho | Málaga & Spain;3;2;0;;28;0,42;3;29;2;131;21;11;32;2,02;0;0;2,021;38;1,56;36;0,46;95;7,002;70;0,10
Esteban Cambiasso | Olympiakos & Argentina*;3;2;0;;598;24,57;14;19;4;740;38;17;125;37,36;2,4;0;34,763;118;29,52;103;9,64;637;9,41;116;0,08
Emre Can | Liverpool & Germany;3;0;0;;82;3,20;7;29;4;210;14;14;65;6,34;0;0;6,341;86;5,57;85;1,49;125;35,07;59;0,59
Lorik Cana | Nantes & Albania*;3;1;0;;76;6,49;35;6;3;313;39;14;103;33,83;0;0;33,826;95;19,78;93;14,08;220;27,384;152;0,18
Antonio Candreva | Lazio & Italy;3;5;0;;21;1,17;98;33;5;591;96;33;112;18,06;0;0;18,056;100;14,69;92;3,70;499;111,828;487;0,23
Facundo Cardozo | Bolivar (loan Velez) & Arg*;3;28;0;;11;0,92;7;17;1;256;30;3;49;19,73;0;0;19,73;34;19,93;34;0,00;222;19,264;219;0,09
Edinson Cavani | PSG & Uruguay;3;2;0;;4;0,70;26;23;3;89;47;14;22;11,57;0;0;10,97;15;5,87;15;6,24;74;37,826;71;0,53
Juan Cazares | Atletico Mineiro & Ecuador*;3;0;0;;2;0,28;5;5;4;270;47;3;55;18,90;0;0;18,9;87;18,57;84;0,33;186;19,42;185;0,10
Santi Cazorla | Arsenal & Spain;3;0;0;;0;0,00;12;0;2;79;9;3;40;17,96;7,392;0;10,57;36;17,26;35;0,00;44;17,862;44;0,41
Petr Cech | Arsenal & Czech Rep*;3;46;0;;0;0,00;7;0;8;944;42;14;196;64,14;0,315;0;63,825;156;64,17;159;0,00;785;548,127;785;0,70
Jose Francisco Cevallos | LDU & Ecuador*;3;0;0;;0;0,00;2;1;2;4;2;1;4;3,61;0,81;0;2,8;2;3,61;2;0,00;2;3,61;2;1,81
Charyl Chappuis | Suphanburi & Thailand*;3;0;0;;0;0,00;1;2;1;8;4;2;4;2,42;0;0;2,418;4;1,98;3;0,44;5;3,164;5;0,63
Sunil Chhetri | Bengaluru (loan Mumbai) & Ind;3;1;0;;0;0,00;6;25;6;48;23;8;7;6,52;2,25;0;4,265;11;6,55;14;0,00;34;11,918;34;0,35
Giorgio Chiellini | Juventus & Italy;2;0;0;;126;60,46;11;5;4;235;22;4;105;136,88;56,009;0;80,874;112;136,78;76;0,10;159;78,058;69;1,13
Yassine Chikhaoui | Al Gharafa & Tunisia*;2;95;0;;343;19,05;18;7;2;3185;66;30;292;97,26;0;0;97,259;429;96,28;423;1,58;2.762;219,339;2.431;0,09
Vlad Chiriches | Napoli & Romania*;2;0;0;;73;79,42;12;1;2;249;3;2;633;474,97;474,67;0;0,3;633;474,97;119;0,00;130;395,65;112;3,53
Alejandro Chumacero | Strongest & Bolivia*;2;0;0;;72;8,06;2;55;1;71;5;5;21;7,30;0;0;7,3;18;8,55;14;0,00;57;1,377;11;0,13
Jasper Cillessen | Ajax & Holland;2;2;0;;33;1,35;3;15;1;74;8;9;32;2,70;0;0;2,7;32;2,36;31;0,39;43;4,35;21;0,21
Viktor Claesson | Elfsborg & Sweden*;2;16;0;;28;0,76;9;3;2;801;50;14;116;24,91;0;0;24,907;150;20,30;145;4,61;656;133,709;629;0,21
Kingsley Coman | Bayern (loan Juve) & Fra;2;0;0;;6;0,49;5;31;3;30;8;3;15;3,09;0;0;3,09;14;1,85;13;1,45;17;1,495;13;0,12
German Conti | Colon & Argentina*;2;0;0;;5;3,02;3;3;1;12;2;4;7;6,03;0;0;6,03;6;6,03;6;0,00;6;4,28;4;1,07
Ante Coric | Dinamo Zagreb & Croatia;2;0;0;;2;0,13;3;4;3;39;22;1;4;1,88;0;0;1,875;4;1,88;4;0,00;35;1,745;34;0,05
Angel Correa | Atletico Madrid & Argentina;2;0;0;;1;0,22;4;11;3;18;4;5;9;13,24;13,04;0;0,2;9;13,46;8;0,00;10;14,202;10;1,42
Diego Costa | Chelsea & Spain;2;0;0;;0;0,00;2;0;1;6;1;1;3;4,96;4,96;0;0;3;4,96;3;0,00;3;4,96;3;1,65
Benoit Costil | Rennes & France*;2;0;0;;0;0,00;5;1;5;14;5;1;8;1,06;1,062;0;0;8;1,06;7;0,00;7;1,062;7;0,15
Thibaut Courtois | Chelsea & Belgium;2;2;0;;0;0,00;15;3;3;107;11;7;30;2,04;0;0;2,035;28;1,86;28;0,17;79;20,002;81;0,25
Philippe Coutinho | Liverpool & Brazil;2;0;0;;0;0,00;3;6;1;9;6;3;2;0,75;0;0;0,75;2;0,75;2;0,00;7;2,65;7;0,38
Adrian Cubas | Boca Juniors & Argentina*;2;1;0;;0;0,00;18;9;2;85;15;4;22;4,60;0;0;4,595;20;3,75;19;0,85;66;15,889;66;0,24
Moanes Dabour Grasshoppers & Israel;2;0;0;;0;0,00;3;22;1;15;5;5;6;0,21;0;0;0,21;6;0,19;6;0,02;9;0,403;9;0,04
Mahmoud Dahoud | Gladbach & Germany*;1;77;0;;783;30,70;15;11;3;2120;83;29;252;95,04;0;0;94,743;251;84,16;225;12,61;1.895;169,118;1.176;0,14
Jurgen Damm |Tigres & Mexico;1;1;0;;72;51,08;11;1;2;344;3;6;800;643,47;643,474;0;0;800;643,47;170;0,00;174;615,298;153;4,02
Danilo Pereira |Porto & Portugal;1;0;0;;61;6,05;11;16;3;167;14;13;52;10,21;0;0;10,206;67;8,23;69;1,98;98;7,779;47;0,17
Vladimir Darida |Hertha & Czech Rep*;1;0;0;;29;3,15;7;14;2;84;6;11;51;9,42;0;0;9,22;47;3,93;44;5,59;40;4,343;22;0,20
David Luiz |PSG & Brazil;1;0;0;;10;1,20;17;4;4;79;29;1;30;19,44;0;0;19,44;24;19,44;23;0,00;56;18,24;51;0,36
Steven Davis |Southampton & N Ireland*;1;0;0;;8;0,20;2;27;1;39;1;3;46;1,98;0;0;1,98;49;0,35;28;1,63;11;0,222;5;0,04
Kevin De Bruyne |Manchester City & Belgium;1;0;0;;0;0,00;1;2;1;2;1;1;1;0,10;0,1;0;0;1;0,10;1;0,00;1;0,1;1;0,10
David De Gea | Manchester United & Spain;1;0;0;;140;9,42;2;16;2;168;6;7;62;11,04;0;0;11,041;67;10,79;48;0,25;120;5,396;9;0,60
Luuk de Jong |PSV & Holland*;1;0;0;;116;1,38;5;14;1;394;35;14;93;4,79;0;0;4,792;103;3,29;94;1,51;300;2,657;205;0,01
Daniele De Rossi |Roma & Italy;1;0;0;;102;32,43;4;34;4;162;21;5;62;42,45;1,295;0;41,158;53;36,35;53;11,56;109;14,662;39;0,38
Brecht Dejaegere |Gent & Belgium*;1;0;0;;51;1,26;47;31;1;289;37;39;58;10,10;0;0;10,095;65;10,24;65;0,33;224;75,073;186;0,40
Nicolas Delgadillo |Velez & Argentina*;1;7;0;;37;1,31;7;8;2;466;28;6;65;7,77;0;0;7,765;67;6,09;64;1,67;402;58,713;371;0,16
Mattias Delgado |Basel & Argentina*;1;0;0;;28;2,76;18;17;3;77;16;5;23;6,00;0;0;5,998;20;5,14;21;0,86;56;7,215;32;0,23
Andy Delort |Caen & France*;1;0;0;;8;3,59;11;1;3;52;8;2;24;14,35;12,296;0;2,05;27;14,35;24;0,00;28;11,055;23;0,48
Clint Dempsey |Seattle Sounders & USA;1;0;0;;4;0,31;3;20;2;16;3;6;9;1,70;0;0;1,696;10;0,85;9;0,85;7;6,796;4;1,70
Leander Dendoncker |Anderlecht & Belgium*;1;0;0;;3;0,23;4;15;1;25;8;10;13;1,80;0;0;1,801;13;0,77;11;1,04;14;2,17;12;0,18
Memphis Depay |Man United & Holland;1;0;0;;2;1,07;9;0;3;52;8;1;26;10,85;10,851;0;0;26;10,85;26;0,00;26;9,779;25;0,39
Laurent Depoitre |Gent & Belgium;1;0;0;;0;0,00;3;0;1;16;3;8;7;2,65;2,65;0;0;7;2,65;7;0,00;9;7,375;9;0,82
Olivier Deschacht |Anderlecht & Belgium*;1;0;0;;0;0,00;5;1;4;12;4;4;9;1,36;0;0;1,36;6;1,36;6;0,00;6;3,336;6;0,56
Angel Di María |PSG & Argentina;1;1;0;;0;0,00;3;1;1;9;6;2;2;1,65;0;0;1,65;2;1,65;2;0,00;7;1,7;7;0,24
Lassana Diarra |Marseille & France*;1;12;0;;0;0,00;10;2;3;62;4;5;112;74,08;74,08;0;0;112;74,08;30;0,00;32;91,196;32;2,85
Marcelo Díaz |Celta Vigo & Chile;1;1;0;;0;0,00;1;3;1;3;1;1;8;6,87;0;0;6,873;2;6,87;2;0,00;1;6,873;1;6,87
Mauro Diaz |Dallas & Argentina*;1;0;0;;0;0,00;2;3;2;3;2;1;1;0,40;0;0;0,4;1;0,40;1;0,00;2;0,4;2;0,20
Sergio Díaz |Cerro Porteno & Paraguay*;1;0;0;;0;0,00;10;4;2;27;9;3;17;14,12;0;0;14,12;11;14,12;12;0,00;15;17,356;15;1,16
Daniel Didavi |Stuttgart & Germany*;1;0;0;;0;0,00;3;4;2;6;2;2;6;5,24;0;0;5,239;3;5,24;3;0,00;3;5,327;3;1,78
Famara Diedhiou |Clermont (loan Sochaux) & Sen*;1;0;0;;0;0,00;6;5;2;15;11;6;3;5,05;0;0;5,045;3;4,00;3;1,05;12;12,433;12;1,04
Diogo Jota |Paços Ferreira & Portugal*;0;0;0;;1;0,10;1;4;1;6;1;1;3;0,38;0;0;0,384;3;0,38;3;0,00;3;0,28;3;0,09
Nabil Dirar |Monaco & Morocco*;0;0;0;;0;0,00;1;5;1;2;1;2;1;0,14;0;0;0,14;1;0,04;1;0,10;1;0,355;1;0,36
Borek Dockal |Sparta & Czech Rep;0;0;1;;16;4,39;7;5;1;167;22;1;59;38,94;0;0;38,943;43;38,93;40;0,01;127;34,548;118;0,29
Alejandro Dominguez |Olympiakos & Arg;0;0;1;;9;1,38;5;121;1;18;4;4;9;4,04;0;0;4,035;7;2,15;6;1,89;12;1,498;6;0,25
Gianluigi Donnarumma |Milan & Italy*;0;35;0;;206;24,72;20;15;2;635;13;31;257;47,27;0;0,79;46,874;228;39,82;203;8,41;432;240,341;311;0,77
Giovanni Dos Santos |LA Galaxy & Mexico;0;2;0;;141;2,69;4;21;3;226;11;5;59;4,55;0;0;4,46;69;4,02;65;0,53;161;1,798;42;0,04
Jonathan Dos Santos |Villarreal & Mexico;0;0;0;;127;5,71;1;14;1;200;2;3;89;11,64;0;0;11,64;100;6,04;94;5,99;106;0,455;5;0,09
Bas Dost |Wolfsburg & Holland;0;0;0;;83;58,50;1;1;1;31;1;2;91;64,24;64,235;0;0;91;64,24;14;0,00;17;6,213;2;3,11
Douglas Costa |Bayern Munich & Brazil;0;0;0;;80;3,58;1;24;1;150;1;2;78;7,26;0;0;7,256;74;3,63;75;3,62;75;0,11;2;0,06
Julian Draxler |Wolfsburg & Germany;0;0;0;;71;46,34;1;15;1;127;1;1;66;42,81;37,118;0;5,695;66;46,84;61;0,00;66;0,495;2;0,25
Jimmy Durmaz |Olympiakos & Sweden*;0;0;0;;16;0,46;2;90;1;27;3;3;6;0,61;0;0;0,61;6;0,55;7;0,06;20;0,189;5;0,04
Paulo Dybala |Juventus & Argentina;0;0;0;;2;0,14;2;5;3;14;8;2;5;5,18;0;0;5,184;3;2,62;3;2,56;11;2,885;10;0,29
Balazs Dzsudzsak |Bursaspor & Hungary*;0;1;0;;2;1,40;2;61;1;5;1;4;1;1,12;0;0;1,12;1;1,52;1;0,00;4;1,61;3;0,54
Artyom Dzyuba |Zenit & Russia;0;0;0;;0;0,00;2;1;1;10;2;1;7;4,50;0;0;4,5;5;4,50;5;0,00;5;4,5;5;0,90
der | Inter & Italy*;0;0;0;;0;0,00;5;2;1;48;18;3;13;3,24;0,93;0;2,31;18;1,93;18;1,32;30;1,995;30;0,07
Mohamed Elneny | Arsenal & Egypt;0;0;0;;0;0,00;1;2;1;2;1;1;1;1,00;0;0;1;1;1,00;1;0,00;1;1;1;1,00
Breel Embolo | Basel & Switzerland;0;0;0;;0;0,00;1;3;1;7;1;2;6;0,19;0;0;0,192;6;0,01;6;0,19;1;0,019;1;0,02
Vincent Enyeama | Lille & Nigeria;0;41;1;;7;1,50;7;7;2;319;51;1;65;39,71;5,8;0;33,905;57;39,96;57;0,10;262;38,897;262;0,15
Christian Eriksen | Tottenham & Denmark;0;2;1;;0;0,00;3;0;1;78;4;1;39;50,52;50,515;0;0;39;50,52;39;0,00;39;50,515;39;1,30
Cristian Espinoza | Huracán & Argentina*;0;0;1;;0;0,00;2;7;2;3;2;4;1;0,20;0;0;0,2;1;0,20;1;0,00;2;4,425;2;2,21
Jonny Evans | West Brom & Northern Ireland*;0;0;0;;2.093;1.567,49;0;1;0;381;0;0;2092;1.567,49;0;0;1567,49;252;1.567,49;190;0,00;191;0;1;0,00
rank Fabra | Boca Juniors & Colombia*;0;0;0;;288;2,10;0;42;0;331;0;0;73;2,44;0;0;2,435;82;2,10;67;0,40;264;0;1;0,00
Cesc Fàbregas | Chelsea & Spain;0;0;0;;285;5,57;1;12;1;527;2;4;69;7,67;0;0;7,673;361;5,72;361;1,99;166;0,207;8;0,03
Diego Fagundez | New England Rev & Uruguay*;0;0;0;;251;8,41;0;37;0;252;0;0;23;7,31;0;0;7,31;21;8,41;17;0,00;235;0;1;0,00
Ralf Fahrmann | Schalke & Germany*;0;0;0;;199;145,59;0;176;0;174;0;0;530;238,68;0;56,541;146,366;175;145,59;149;91,75;25;0;1;0,00
Sofiane Feghouli | Valencia & Algeria;0;11;0;;119;73,05;11;16;2;1200;140;10;157;176,39;0;0;176,391;86;212,00;86;0,00;1.114;557,555;1.064;0,52
Nabil Fekir | Lyon & France;0;2;0;;113;82,67;2;5;1;58;1;2;132;103,57;103,568;0;0;132;103,57;29;0,00;29;24,299;6;4,05
Felipe Anderson | Lazio & Brazil;0;0;0;;110;2,08;2;17;1;154;1;5;65;2,94;0;0;2,939;76;2,17;72;0,78;82;2,802;3;0,93
Fernandao | Fenerbahçe & Brazil*;0;0;0;;92;1,16;3;4;1;590;3;13;70;10,09;0;0;10,089;88;9,90;88;0,19;502;18,438;414;0,04
Augusto Fernández | At Madrid & Argentina*;0;0;0;;87;2,30;0;29;0;98;0;0;44;2,28;0;0;2,28;44;2,30;38;0,00;60;0;1;0,00
Fernandinho | Manchester City & Brazil;0;0;0;;85;3,47;1;15;1;147;2;10;64;6,30;0;0;6,304;77;4,67;71;1,88;76;2,558;15;0,17
Roberto Firmino | Liverpool & Brazil;0;0;0;;74;89,00;1;1;1;72;1;1;66;91,20;0;0;88,999;40;91,20;32;0,00;40;2,195;2;1,10
Alessandro Florenzi | Roma & Italy*;0;80;0;;64;49,02;13;1;1;644;1;4;2369;2.007,33;2005,283;0;2,05;2.369;2.007,33;322;0,00;322;2033,394;316;6,43
Diego Forlán | Peñarol & Uruguay*;0;0;0;;55;1,69;1;16;1;92;1;5;42;2,24;0;0;2,243;43;1,71;42;0,53;50;0,186;2;0,09
Kostas Fortounis | Olympiakos & Greece*;0;0;0;;55;6,98;2;23;1;81;5;8;42;8,16;0;0;8,158;41;8,39;35;0,00;46;5,859;11;0,53
Manolo Gabbiadini Napoli & Italy;0;0;0;;52;3,10;0;102;0;80;0;0;50;3,10;0;0;3,103;51;3,10;47;0,00;33;0;1;0,00
Gabi | Atletico Madrid & Spain;0;2;0;;40;1,79;6;13;2;134;9;20;58;5,54;0;0;5,535;54;5,21;52;0,36;82;13,218;46;0,29
Gabriel Barbosa Santos & Brazil*;0;0;0;;40;0,86;0;35;0;60;0;0;29;1,31;0;0;1,31;37;0,86;32;0,45;28;0;1;0,00
Gabriel Jesus Palmeiras & Brazil*;0;0;0;;35;1,05;0;10;0;61;0;0;30;1,33;0;0;1,33;32;1,05;28;0,28;33;0;1;0,00
Nico Gaitan Benfica & Argentina;0;1;0;;33;0,87;2;21;1;81;1;5;34;1,16;0;0;1,155;40;1,16;40;0,00;41;0,48;12;0,04
Kevin Gameiro | Sevilla & France*;0;0;0;;32;0,44;0;43;0;28;0;0;27;0,36;0;0;0,357;31;0,44;14;0,00;14;0;1;0,00
Ezequiel Garay Zenit and Argentina;0;2;0;;31;1,27;5;5;3;185;11;8;67;7,77;0,62;0;7,15;71;7,67;67;0,10;118;14,755;91;0,16
Shkelzen Gashi Colorado Rapids & Albania;0;1;0;;29;2,63;20;2;5;136;18;5;39;7,63;7,618;0;0,01;40;7,63;38;0,00;98;6,286;75;0,08
Valere Germain Nice (loan Monaco) & Fra*;0;0;0;;28;3,21;1;83;1;40;1;1;28;3,03;0;0;3,03;27;3,34;22;0,09;18;0,13;3;0,04
Andre-Pierre Gignac Tigres & France;0;2;0;;26;0,41;3;5;1;441;20;17;142;15,68;0;0;15,678;145;9,04;144;6,63;297;77,802;274;0,28
Jose Giménez | At Madrid & Uruguay;0;1;0;;25;1,08;13;18;1;374;30;28;116;15,88;0;0;15,877;115;9,88;95;6,15;279;54,991;263;0,21
Matthias Ginter Dortmund & Germany*;0;0;0;;24;0,46;2;66;1;45;2;6;17;1,72;0;0;1,717;17;0,64;15;1,08;30;0,515;11;0,05
Sebastian Giovinco | Toronto & Italy;0;99;0;;23;2,06;1;3;2;318;31;1;20;22,49;0;0;22,489;16;22,78;16;0,10;302;20,723;287;0,07
Olivier Giroud Arsenal & France;0;0;0;;22;0,35;0;50;0;26;0;0;13;0,36;0;0;0,36;17;0,35;12;0,09;14;0;1;0,00
Diego Godín | Atletico Madrid & Uruguay;0;0;0;;19;12,83;2;0;2;23;2;1;17;14,58;8,583;0;6;15;14,58;10;0,00;13;1,75;3;0,58
Gokhan Tore Besiktas & Turkey*;0;0;0;;18;1,21;0;42;0;23;0;0;11;1,21;0;0;1,211;11;1,21;10;0,00;13;0;1;0,00
Andre Gomes Valencia & Portugal*;0;0;0;;17;7,77;0;3;0;26;0;0;17;7,77;6,932;0;0,842;17;7,77;14;0,00;12;0;1;0,00
Maxime Gonalons Lyon & France;0;0;0;;17;0,66;1;26;1;33;4;4;17;0,98;0;0;0,98;18;0,82;18;0,27;15;0,36;7;0,05
Goncalo Guedes Benfica & Portugal*;0;0;0;;14;0,57;5;6;1;59;15;5;12;3,37;0;0;3,365;11;2,15;10;1,21;49;2,248;36;0,06
Cesar Gonzalez Dep Tachira & Venezuela*;0;2;0;;14;0,40;4;10;1;38;5;12;15;0,95;0;0;0,945;16;0,77;16;0,18;22;2,499;12;0,21
Mark Gonzalez Sport & Chile;0;0;0;;14;0,59;15;12;3;67;15;8;16;1,57;0;0;1,567;15;1,57;15;0,00;52;17,044;39;0,44
Mario Gotze Bayern Munich & Germany;0;0;0;;14;3,75;0;57;0;4;0;0;7;3,75;0;0;3,748;2;3,75;2;0,00;2;0;1;0,00
Ricardo Goulart Guangzhou Ev & Brazil;0;0;0;;14;2,64;3;66;2;9;4;1;13;3,04;0;0;3,044;13;3,77;4;0,30;5;1,137;5;0,23
Andreas Granqvist Krasnodar & Sweden*;0;0;0;;13;0,50;0;41;0;14;0;0;1;0,50;0;0;0,5;1;0,50;1;0,00;13;0;1;0,00
Antoine Griezmann | At Madrid & France;0;2;0;;12;0,51;2;33;1;25;4;5;10;0,63;0;0;0,625;10;0,70;10;0,01;15;1,442;5;0,29
Andres Guardado | PSV & México;0;0;0;;11;0,21;0;30;0;15;0;0;9;0,19;0;0;0,188;8;0,21;7;0,00;8;0;1;0,00
Nemanja Gudelj Ajax & Serbia;0;0;0;;11;1,70;2;40;1;24;2;2;14;2,31;0;0;2,31;15;1,78;14;0,92;10;0,175;3;0,06
Paulo Guerrero Flamengo & Peru*;0;90;0;;10;0,55;2;2;5;782;49;2;107;86,04;0;0;86,035;68;86,04;69;0,00;713;86,61;708;0,12
John Guidetti | Celta & Sweden*;0;39;0;;10;1,70;9;9;2;247;42;1;36;19,28;1,15;0;18,128;37;19,43;37;0,00;210;17,728;203;0,09
Ilkay Gundogan Bor Dortmund & Germany;0;0;0;;10;0,72;1;121;1;19;1;1;9;0,76;0;0;0,76;9;0,82;9;0,26;10;0,1;2;0,05
Gaston Guruceaga Penarol & Uruguay*;0;0;0;;9;0,38;2;31;1;24;4;5;12;0,95;0;0;0,951;11;0,74;10;0,29;14;1,97;8;0,25
Asamoah Gyan Shanghai SIPG & Ghana;0;0;0;;8;7,41;0;1;0;10;0;0;8;7,41;0;0;7,405;5;7,41;5;0,00;5;0;1;0,00
ebastien Haller Utrecht & France*;0;0;0;;8;0,26;0;40;0;12;0;0;6;0,18;0;0;0,181;6;0,26;6;0,03;6;0;1;0,00
Marek Hamsik Napoli & Slovakia;0;0;0;;8;0,12;0;52;0;12;0;0;3;0,12;0;0;0,121;4;0,12;4;0,00;8;0;1;0,00
Samir Handanovic | Inter & Slovenia;0;0;0;;8;0,65;0;60;0;14;0;0;8;1,26;0;0;1,255;8;0,65;8;0,61;6;0;1;0,00
Martin Hansen Den Haag & Denmark*;0;0;0;;8;1,26;0;84;0;6;0;0;2;0,41;0;0;0,41;4;1,26;4;0,00;2;0;1;0,00
Jack Harrison New York City & England*;0;0;0;;7;1,80;1;20;1;16;1;1;6;5,37;5,366;0;0;6;5,47;6;0,00;10;3,673;5;0,73
Joe Hart Manchester City & England;0;5;0;;7;0,71;3;23;1;39;7;7;12;3,06;0;0;3,039;13;3,42;13;0,00;26;12,487;25;0,50
Eden Hazard Chelsea & Belgium;0;0;0;;7;2,81;0;37;0;11;0;0;4;2,76;2,761;0;0;4;2,81;4;0,00;7;0;1;0,00
Jonas Hector Cologne & Germany*;0;0;0;;7;0,34;1;43;1;18;2;6;6;0,39;0;0;0,386;7;0,39;7;0,00;11;0,11;5;0,02
Markus Henriksen AZ & Norway*;0;1;0;;7;0,16;1;79;1;19;3;9;4;0,33;0;0;0,331;6;0,33;6;0,00;13;1,116;8;0,14
Angelo Henriquez Dinamo Zagreb & Chile*;0;0;0;;6;2,43;2;2;1;14;1;1;6;2,54;0;0;2,525;7;2,54;7;0,00;7;0,186;3;0,06
Javier Hernández | Bayer 04 Leverkusen & Mexico*;0;0;0;;6;0,52;0;5;0;7;0;0;1;0,52;0;0;0,52;1;0,52;1;0,00;6;0;1;0,00
Hector Herrera Porto & Mexico;0;0;0;;6;0,58;0;10;0;14;0;0;8;1,08;0;0;1,08;8;0,58;8;0,50;6;0;1;0,00
Gonzalo Higuaín | Napoli & Argentina;0;0;0;;5;3,01;1;2;1;4;1;1;9;6,05;0;0;6,054;2;6,05;2;0,00;2;3,049;2;1,52
Martin Hinteregger Gladbach (loan Salzburg) & Aut*;0;1;0;;5;0,25;1;3;3;18;5;3;8;5,19;5,191;0;0;8;5,16;8;0,04;10;11,633;6;1,94
Pierre Hojbjerg Augsburg (loan Schalke) & Den;0;0;0;;5;0,36;7;5;3;23;11;3;8;0,96;0;0;0,96;8;0,96;8;0,00;15;1,258;12;0,10
Keisuke Honda Milan & Japan;0;1;0;;5;0,30;1;7;1;22;5;3;12;1,62;0;0;1,62;11;1,06;10;0,56;12;1,675;10;0,17
Hulk Zenit & Brazil;0;0;0;;5;0,08;0;9;0;6;0;0;1;0,08;0;0;0,08;1;0,08;1;0,00;5;0;1;0,00
Mats Hummels Dortmund & Germany;0;0;0;;5;0,99;1;31;1;9;1;1;2;1,90;0;0;1,9;3;1,89;3;0,01;6;0,9;2;0,45
Khalfan Ibrahim Al Sadd & Qatar;0;0;0;;5;0,23;2;53;1;17;4;1;2;0,55;0,55;0;0;2;0,54;2;0,01;15;0,313;11;0,03
Zlatan Ibrahimovic PSG & Sweden;0;0;0;;5;0,10;0;56;0;3;0;0;1;0,10;0,1;0;0;1;0,10;1;0,00;2;0;1;0,00
Mauro Icardi Internazionale & Argentina;0;0;0;;4;1,73;0;6;0;4;0;0;2;1,73;0;0;1,73;2;1,73;2;0,00;2;0;1;0,00
Odion Ighalo | Watford & Nigeria*;0;0;0;;4;0,15;24;16;3;50;23;7;13;2,00;0;0;2;12;1,81;12;0,19;38;6,901;35;0,20
Josip Ilicic Fiorentina & Slovenia*;0;5;0;;4;0,35;2;36;1;11;3;2;3;0,68;0;0;0;2;0,68;2;0,00;9;0,48;8;0,06
Andres Iniesta | Barcelona & Spain;0;0;0;;4;1,44;1;93;1;4;1;1;3;1,52;0;0;1,52;3;1,54;2;0,00;2;0,1;2;0,05
Iñigo Martínez | Real Sociedad & Spain;0;0;0;;4;0,60;0;155;0;3;0;0;1;0,20;0;0;0,2;1;0,60;1;0,00;2;0;1;0,00
Lorenzo Insigne Napoli & Italy;0;0;0;;4;0,50;0;326;0;3;0;0;2;0,25;0;0;0,25;1;0,50;1;0,00;2;0;1;0,00
Andreas Isaksson Kasimpasa & Sweden;0;0;0;;3;0,95;0;4;0;4;0;0;3;0,95;0;0;0,945;3;0,95;3;0,00;1;0;1;0,00
Isco Alarcón | Real Madrid & Spain;0;0;0;;3;1,45;0;5;0;4;0;0;3;1,45;0;0;1,448;2;1,45;2;0,00;2;0;1;0,00
Dhurgam Ismail Caykur Rizespor & Iraq;0;0;0;;3;0,14;1;13;1;28;1;4;14;0,69;0;0;0,685;14;0,67;14;0,02;14;1,136;12;0,09
Ander Iturraspe Athletic Bilbao & Spain;0;0;0;;3;0,26;0;16;0;6;0;0;3;0,26;0;0;0,259;3;0,26;3;0,00;3;0;1;0,00
Marc Janko Basle & Austria*;0;0;0;;3;0,18;1;17;1;7;1;2;3;0,30;0;0;0,295;3;0,26;3;0,04;4;0,29;2;0,15
Jemerson Monaco & Brazil*;0;0;0;;3;0,06;0;21;0;4;0;0;1;0,06;0;0;0,06;1;0,06;1;0,00;3;0;1;0,00
Roberto Jiménez | Olympiakos & Spain*;0;1;0;;3;0,92;3;24;4;76;8;1;37;27,29;27,285;0;0;37;28,21;33;0,00;43;27,285;41;0,67
Joao Mario Sp Lisbon & Portugal;0;0;0;;2;1,70;3;0;1;42;4;1;47;35,75;35,745;0;0;47;35,75;21;0,00;21;34,045;21;1,62
Joao Moutinho Monaco & Portugal;0;0;0;;2;0,42;3;2;1;9;2;2;4;3,89;3,894;0;0;4;3,35;4;0,55;5;3,684;4;0,92
Andreas Johansson Norrkoping & Sweden*;0;18;0;;2;0,20;31;3;1;1531;76;12;189;153,60;0;0;153,598;216;152,45;211;1,15;1.320;338,6;1.320;0,26
Jonas | Benfica & Brazil*;0;0;0;;2;0,30;1;4;1;6;1;1;4;1,90;0;0;1,9;3;0,40;3;1,50;3;0,1;2;0,05
Stevan Jovetic Internazionale & Montenegro*;0;0;0;;2;2,19;1;5;1;6;1;1;7;7,19;0;0;7,19;3;7,19;3;0,00;3;5;3;1,67
Luka Jovic Benfica & Serbia;0;0;0;;2;0,01;1;6;1;5;1;1;2;0,11;0;0;0,11;2;0,05;2;0,06;3;0,042;2;0,02
Juanfran | Atlético Madrid & Spain;0;1;0;;2;0,28;2;7;1;26;2;2;40;30,37;6,525;0;23,846;18;30,37;14;0,00;12;30,558;12;2,55
Zlatko Junozovic Werder Bremen & Austria*;0;0;0;;2;0,06;0;8;0;5;0;0;4;0,42;0;0;0,415;4;0,06;3;0,36;2;0;1;0,00
Pavel Kaderabek Hoffenheim & Czech Rep*;0;0;0;;2;0,02;0;9;0;4;0;0;1;0,02;0;0;0,021;2;0,02;2;0,00;2;0;1;0,00
Shinji Kagawa Borussia Dortmund & Japan;0;0;0;;2;0,04;0;9;0;4;0;0;2;0,04;0;0;0,037;2;0,04;2;0,00;2;0;1;0,00
KaKa Orlando City & Brazil;0;0;0;;2;1,35;2;10;1;6;2;1;3;1,83;0;0;1,83;3;1,47;2;0,37;4;0,115;3;0,04
Lovre Kalinic Hajduk & Croatia*;0;0;0;;2;2,98;0;17;0;3;0;0;3;3,28;0;0;3,28;2;2,98;2;0,30;1;0;1;0,00
Nikola Kalinic Fiorentina & Croatia*;0;0;0;;2;0,04;0;18;0;4;0;0;2;0,04;0;0;0,04;2;0,04;2;0,00;2;0;1;0,00
Kevin Kampl Bayer Leverkusen & Slovenia;0;0;0;;2;0,08;0;19;0;4;0;0;2;0,08;0;0;0,08;2;0,08;2;0,00;2;0;1;0,00
Harry Kane Tottenham H & England;0;0;0;;2;0,10;0;44;0;4;0;0;2;0,45;0;0;0,45;2;0,10;2;0,35;2;0;1;0,00
N’Golo Kante Leicester City & France*;0;0;0;;2;0,11;2;64;2;11;3;11;4;0,20;0;0;0,2;4;0,34;4;0,00;7;0,412;6;0,07
Robbie Keane LA Galaxy & Rep Ireland;0;0;0;;2;0,58;0;114;0;5;0;0;4;1,45;0;0;1,45;4;0,58;4;1,45;1;0;1;0,00
Neeskens Kebano Genk & DR Congo*;0;0;0;;2;0,17;0;141;0;3;0;0;1;0,04;0;0;0,035;1;0,17;1;0,00;2;0;1;0,00
Ahmed Khalil Al Ahli & UAE*;0;0;0;;2;0,04;0;193;0;1;0;0;0;0,00;0;0;0;0;0,04;0;0,00;1;0;1;0,00
Wahbi Khazri Sunderland & Tunisia*;0;0;0;;1;0,20;1;0;1;3;1;1;1;0,20;0,2;0;0;1;0,40;1;0,00;2;0,2;2;0,10
Sami Khedira Juventus & Germany*;0;0;0;;1;1,06;0;0;0;2;0;0;1;1,06;0;0;1,056;1;1,06;1;0,00;1;0;1;0,00
Joshua Kimmich Bayern Munich & Germany;0;0;0;;1;0,50;0;0;0;2;0;0;1;0,50;0,5;0;0;1;0,50;1;0,00;1;0;1;0,00
Gabor Kiraly Szom Haladas & Hungary*;0;0;0;;1;0,60;0;1;0;2;0;0;1;0,60;0;0;0,6;1;0,60;1;0,00;1;0;1;0,00
Davy Klaassen Ajax & Holland;0;0;0;;1;0,10;0;2;0;2;0;0;1;0,10;0;0;0,1;1;0,10;1;0,00;1;0;1;0,00
Koke | Atletico Madrid & Spain;0;0;0;;1;0,50;0;3;0;2;0;0;1;0,50;0;0;0,5;1;0,50;1;0,00;1;0;1;0,00
Aleksandr Kokorin Zenit & Russia;0;0;0;;1;0,03;0;3;0;2;0;0;1;0,03;0;0;0,027;1;0,03;1;0,00;1;0;1;0,00
Vincent Kompany Man City & Belgium;0;0;0;;1;0,10;0;3;0;2;0;0;1;0,60;0;0;0,6;1;0,10;1;0,50;1;0;1;0,00
Yevhen Konoplyanka Sevilla & Ukraine*;0;0;0;;1;0,05;0;5;0;2;0;0;1;0,05;0;0;0,05;1;0,05;1;0,00;1;0;1;0,00
Julian Korb Bor M’gladbach and Germany*;0;0;0;;1;0,15;0;6;0;2;0;0;1;0,15;0;0;0,15;1;0,15;1;0,00;1;0;1;0,00
Laurent Koscielny Arsenal & France;0;0;0;;1;0,04;0;7;0;2;0;0;1;0,05;0;0;0,05;1;0,04;1;0,01;1;0;1;0,00
Kalidou Koulibaly Napoli & Senegal;0;8;0;;1;0,10;5;8;3;67;26;2;15;28,85;9;0;15,8;16;27,70;16;1,15;51;27,8;51;0,55
Mateo Kovacic Real Madrid & Croatia*;0;0;0;;1;0,19;0;8;0;2;0;0;1;0,19;0;0;0,192;1;0,19;1;0,00;1;0;1;0,00
Christoph Kramer B Leverkusen & Germany;0;0;0;;1;0,01;1;9;1;4;1;1;2;0,03;0;0;0,03;2;0,03;2;0,00;2;0,025;2;0,01
Matias Kranevitter At Madrid & Argentina;0;0;0;;1;0,02;0;11;0;2;0;0;1;0,02;0;0;0,02;1;0,02;1;0,00;1;0;1;0,00
Toni Kroos Real Madrid & Germany;0;0;0;;1;0,03;0;13;0;2;0;0;1;0,05;0;0;0,045;1;0,03;1;0,02;1;0;1;0,00
Max Kruse Wolfsburg and Germany*;0;0;0;;1;0,05;0;17;0;2;0;0;1;0,05;0;0;0,05;1;0,05;1;0,00;1;0;1;0,00
Grzegorz Krychowiak Sevilla & Poland;0;4;0;;1;0,10;1;21;2;16;11;1;3;1,15;0;0;1,15;3;1,15;3;0,00;13;1,05;13;0,08
Juraj Kucka Milan & Slovakia*;0;0;0;;1;0,05;0;24;0;2;0;0;1;0,05;0;0;0,05;1;0,05;1;0,00;1;0;1;0,00
Sven Kums Gent & Belgium*;0;0;0;;1;0,05;0;34;0;2;0;0;1;0,05;0;0;0,05;1;0,05;1;0,00;1;0;1;0,00
Layvin Kurzawa PSG & France;0;0;0;;1;0,05;0;44;0;2;0;0;1;0,05;0;0;0;1;0,05;1;0,00;1;0;1;0,00
Dirk Kuyt Feyenoord & Holland;0;0;0;;1;0,07;1;56;1;8;1;1;4;0,48;0,478;0;0;4;0,40;4;0,15;4;0,329;4;0,08
Kwon Chang-hoon Suwon & South Korea*;0;0;0;;1;0,50;0;77;0;2;0;0;1;0,50;0;0;0,5;1;0,50;1;0,00;1;0;1;0,00
Alexandre Lacazette Lyon & France;0;0;0;;1;0,09;1;105;1;10;3;4;0;0,00;0;0;0;0;0,14;0;0,00;10;0,135;10;0,01
Kyle Lafferty Norwich City & N Ireland*;0;0;0;;1;0,90;0;158;0;1;0;0;0;0,00;0;0;0;0;0,90;0;0,00;1;0;1;0,00
Philipp Lahm Bayern Munich & Germany;0;0;0;;1;0,04;0;188;0;1;0;0;0;0,00;0;0;0;0;0,04;0;0,00;1;0;1;0,00
Erik Lamela Tottenham & Argentina;0;0;0;;1;0,05;0;383;0;1;0;0;0;0,00;0;0;0;0;0,05;0;0,00;1;0;1;0,00
Aymeric Laporte Athletic Bilbao & France;0;1;0;;0;0,00;1;0;1;24;1;1;35;11,52;11,519;0;0;35;11,52;12;0,00;12;11,519;12;0,96
Cyle Larin | Orlando & Canada*;0;1;0;;0;0,00;1;0;1;2;1;2;1;0,03;0,031;0;0;1;0,03;1;0,00;1;0,52;1;0,52
Pierre-Michel Lasogga Hamburg & Ger*;0;0;0;;0;0,00;1;0;1;2;1;1;2;2,08;2,075;0;0;2;2,08;1;0,00;1;2,075;1;2,08
Ezequiel Lavezzi Hebei & Argentina;0;0;0;;0;0,00;1;0;1;2;1;1;1;2,00;0;0;2;1;2,00;1;0,00;1;2;1;2,00
Miguel Layun Porto (loan Watford) & Mexico;0;0;0;;0;0,00;2;0;1;4;1;1;2;3,45;3,45;0;0;2;3,45;2;0,00;2;3,45;2;1,73
Lee Dong-gook Jeonbuk & Korea*;0;0;0;;0;0,00;2;0;1;9;2;1;6;4,88;4,88;0;0;6;3,58;6;0,00;3;3,58;3;1,19
Robert Lewandowski Bayern & Poland;0;0;0;;0;0,00;1;0;1;2;1;1;1;1,01;1,012;0;0;1;1,01;1;0,00;1;1,012;1;1,01
Stephane Lichtsteiner Juventus & Switz*;0;0;0;;0;0,00;1;0;1;2;1;1;1;1,00;1;0;0;1;1,00;1;0,00;1;1;1;1,00
Damian Lizio Botafogo (loan Bolivar) & Bolivia*;0;0;0;;0;0,00;3;0;2;6;3;1;3;2,25;2,245;0;0;3;2,25;3;0,00;3;2,245;3;0,75
Fernando Llorente Sevilla & Spain*;0;0;0;;0;0,00;1;0;1;5;2;1;2;1,80;1,8;0;0;2;1,80;2;0,00;3;1,8;3;0,60
Hugo Lloris Tottenham H & France;0;0;0;;0;0,00;1;0;1;2;1;1;1;0,52;0,522;0;0;1;0,52;1;0,00;1;0,522;1;0,52
Carlos Lobaton Sporting Cristal & Peru*;0;0;0;;0;0,00;1;0;1;2;1;2;1;0,30;0,3;0;0;1;0,30;1;0,00;1;0,4;1;0,40
Nicolas Lodeiro Boca Juniors & Uruguay;0;0;0;;0;0,00;1;0;1;2;1;1;1;0,34;0;0;0,34;1;0,34;1;0,00;1;0,34;1;0,34
Shane Long Southampton & Rep Ireland*;0;0;0;;0;0,00;1;0;1;2;1;1;1;0,20;0,2;0;0;1;0,20;1;0,00;1;0,2;1;0,20
Brian Lozano America & Uruguay*;0;0;0;;0;0,00;1;0;1;2;1;1;1;0,06;0,057;0;0;1;0,06;1;0,00;1;0,057;1;0,06
Hirving Lozano Pachuca & Mexico;0;0;0;;0;0,00;0;0;0;1;0;0;1;1,00;0;0;1;1;0,00;1;0,00;0;0;0;-
Luan Gremio & Brazil*;0;0;0;;0;0,00;0;0;0;1;0;0;1;0,15;0,15;0;0;1;0,00;1;0,15;0;0;0;-
Lucas Lima Santos & Brazil*;0;0;0;;0;0,00;2;0;1;32;1;1;16;1,73;1,734;0;0;16;1,73;16;0,00;16;1,734;16;0,11
Lucas Moura PSG & Brazil;0;2;0;;0;0,00;2;0;1;223;21;2;64;11,04;11,041;0;0;64;11,04;62;0,00;161;11,738;161;0,07
Diego Lugano Sao Paulo & Uruguay*;0;2;0;;0;0,00;3;0;3;263;8;6;125;23,33;23,332;0;0;125;23,33;125;0,00;138;30,552;138;0,22
Romelu Lukaku Everton & Belgium;0;0;0;;0;0,00;4;0;1;11;2;5;6;1,45;1,45;0;0;6;1,45;6;0,00;5;5,737;5;1,15
Phakamani Mahlambi Bidvest Wits & SAf*;0;0;0;;0;0,00;3;0;1;10;2;2;5;0,75;0,401;0;0,351;5;0,75;5;0,00;5;0,877;5;0,18
Riyad Mahrez | Leicester & Algeria*;0;0;0;;0;0,00;5;0;3;18;5;1;8;1,55;1,55;0;0;8;1,55;8;0,00;10;1,55;10;0,16
Yunus Malli Mainz & Turkey*;0;1;0;;0;0,00;2;0;1;20;2;1;10;4,75;4,75;0;0;10;4,75;10;0,00;10;4,75;10;0,48
Pavel Mamaev Krasnodar and Russia*;0;4;0;;0;0,00;1;1;1;12;2;3;6;1,66;1,66;0;0;6;1,66;6;0,00;6;2,092;6;0,35
Federico Mancuello Flamengo & Argentina*;0;0;0;;0;0,00;2;1;2;16;5;2;7;3,50;3,496;0;0;7;3,50;7;0,00;9;9,09;9;1,01
Mario Mandzukic Juventus & Croatia;0;0;0;;0;0,00;2;1;2;4;2;2;5;4,30;0;0;4,3;2;4,30;2;0,00;2;5,45;2;2,73
Kostas Manolas Roma & Greece;0;1;0;;0;0,00;1;1;1;2;1;1;1;3,15;3,147;0;0;1;3,15;1;0,00;1;3,147;1;3,15
Marcelo Real Madrid & Brazil;0;0;0;;0;0,00;1;1;1;2;1;2;1;0,64;0,64;0;0;1;0,64;1;0,00;1;13,655;1;13,66
Claudio Marchisio Juventus & Italy;0;0;0;;0;0,00;1;1;1;2;1;2;1;0,73;0;0;0,73;1;0,73;1;0,00;1;1,53;1;1,53
Marquinhos PSG & Brazil;0;0;0;;0;0,00;1;1;1;2;1;1;1;0,98;0,975;0;0;1;0,98;1;0,00;1;0,975;1;0,98
Anthony Martial | Man United & France;0;0;0;;0;0,00;1;1;1;2;1;1;1;0,68;0;0;0,68;1;0,68;1;0,00;1;0,68;1;0,68
Fidel Martinez Pumas & Ecuador*;0;0;0;;0;0,00;1;1;1;2;1;2;1;0,15;0,151;0;0;1;0,15;1;0,00;1;0,446;1;0,45
Jackson Martinez Guangzhou Ev & Col;0;0;0;;0;0,00;1;1;1;2;1;1;1;0,20;0,2;0;0;1;0,20;1;0,00;1;0,2;1;0,20
Javier Mascerhano Barcelona & Argentina;0;0;0;;0;0,00;2;1;1;10;2;1;5;10,54;10,543;0;0;5;9,98;5;0,57;5;9,976;5;2,00
Nemanja Matic Chelsea & Serbia;0;0;0;;0;0,00;2;1;2;18;2;1;9;1,93;0;0;1,93;9;1,93;9;0,00;9;1,93;9;0,21
Joel Matip Schalke & Cameroon;0;0;0;;0;0,00;2;1;1;8;2;1;6;2,50;0;0;2,5;4;2,50;3;0,00;5;2,5;5;0,50
Blaise Matuidi PSG & France;0;0;0;;0;0,00;1;1;1;2;1;1;3;2,00;0;0;2;1;2,00;1;0,00;1;2;1;2,00
Maxwell PSG & Brazil*;0;0;0;;0;0,00;1;1;1;61;10;1;11;7,45;0;0;7,45;11;7,45;11;0,00;50;7,45;50;0,15
Mehmet Topal Fenerbahce & Turkey*;0;0;0;;0;0,00;1;1;1;8;2;1;6;0,50;0;0;0,496;3;0,49;3;0,01;5;0,49;5;0,10
Alexander Meier Eint Frankfurt & Germany;0;0;0;;0;0,00;1;2;1;3;2;1;2;2,00;0;0;2;1;2,00;1;0,00;2;2;2;1,00
Angel Mena Emelec & Ecuador*;0;0;0;;0;0,00;1;2;1;2;1;1;1;1,00;1;0;0;1;1,00;1;0,00;1;1;1;1,00
Dries Mertens Napoli & Belgium;0;0;0;;0;0,00;1;2;1;2;1;1;1;0,06;0;0;0,06;1;0,06;1;0,00;1;0,06;1;0,06
Lionel Messi Barcelona & Argentina;0;0;0;;0;0,00;1;2;1;2;1;2;1;0,02;0;0;0;1;0,02;1;0,00;1;0,045;1;0,05
Thomas Meunier Club Brugge & Belgium;0;0;0;;0;0,00;0;2;0;1;0;0;1;1,28;0;0;1,277;1;0,00;1;0,00;0;0;0;-
Jon Obi Mikel Chelsea & Nigeria*;0;0;0;;0;0,00;3;2;1;6;3;4;2;0,25;0;0;0,25;2;0,25;2;0,00;4;1,627;4;0,41
Arkadiusz Milik Ajax & Poland;0;0;0;;0;0,00;3;2;2;25;5;1;12;3,56;0;0;3,56;11;2,64;10;0,92;15;2,701;15;0,18
Yerry Mina Santa Fe & Colombia*;0;0;0;;0;0,00;1;2;3;14;5;1;4;1,42;0;0;1,42;4;1,42;4;0,00;10;1,42;11;0,13
Miranda Internazionale & Brazil;0;0;0;;0;0,00;0;2;0;3;0;0;3;0,90;0;0;0,9;3;0,00;3;0,90;0;0;0;-
Henrikh Mkhitaryan | Dortmund & Armenia*;0;0;0;;0;0,00;1;2;1;7;4;1;3;0,14;0;0;0,14;3;0,14;3;0,00;4;0,14;4;0,04
Luka Modric | Real Madrid & Croatia;0;1;0;;0;0,00;1;3;1;4;2;2;2;0,20;0,195;0;0;2;0,20;2;0,00;2;1,133;2;0,57
Jefferson Montero Swansea & Ecuador;0;0;0;;0;0,00;1;3;1;16;4;1;9;4,77;0;0;4,765;8;1,91;8;2,86;8;1,91;8;0,24
Cesar Montes Monterrey & Mexico*;0;0;0;;0;0,00;1;3;1;12;2;6;5;0,38;0;0;0,381;5;0,15;5;0,23;7;0,184;7;0,03
Javier Morales Real Salt Lake & Argentina*;0;0;0;;0;0,00;0;3;0;48;0;0;49;1,95;0;0;1,95;48;0,00;48;1,95;0;0;0;-
Alvaro Morata Juventus & Spain;0;0;0;;0;0,00;1;3;1;2;1;2;1;0,54;0;0;0,54;1;0,54;1;0,00;1;0,765;1;0,77
Hector Moreno PSV & Mexico;0;0;0;;0;0,00;0;3;0;1;0;0;1;0,20;0;0;0,2;1;0,00;1;0,00;0;0;0;-
Marlos Moreno At Nacional & Col*;0;0;0;;0;0,00;0;3;0;1;0;0;1;0,08;0;0;0,08;1;0,00;1;0,08;0;0;0;-
Jordan Morris Seattle Sounders & USA*;0;0;0;;0;0,00;2;3;2;3;2;1;1;2,30;0;0;2,295;1;0,98;1;1,32;2;0,975;2;0,49
Thiago Motta PSG & Italy;0;0;0;;0;0,00;1;4;1;3;1;2;2;2,75;0;0;2,75;1;0,60;2;2,15;1;1,1;1;1,10
Benjamin Moukandjo Lorient & Cameroon*;0;0;0;;0;0,00;1;4;1;2;1;1;1;0,38;0;0;0,38;1;0,38;1;0,00;1;0,38;1;0,38
Thomas Mulluer Bayern & Germany;0;0;0;;0;0,00;0;4;0;1;0;0;1;0,03;0;0;0,03;1;0,00;1;0,03;0;0;0;-
Moises Munoz America & Mexico*;0;0;0;;0;0,00;0;4;0;10;0;0;12;0,52;0;0;0,52;15;0,00;10;0,52;0;0;0;-
Luis Muriel Sampdoria & Colombia;0;0;0;;0;0,00;1;5;1;2;1;1;1;0,06;0;0;0,06;1;0,03;1;0,03;1;0,03;1;0,03
Ahmed Musa CSKA Moscow & Nigeria;0;0;0;;0;0,00;1;5;1;2;1;1;1;0,30;0;0;0,3;1;0,30;1;0,00;1;0,3;1;0,30
Yvon Mvogo Young Bots & Switzerland*;0;0;0;;0;0,00;1;5;1;2;1;1;1;0,10;0;0;0,1;1;0,10;1;0,00;1;0,1;1;0,10
Elmir Nabiullin | Rubin Kazan & Russia;0;0;0;;0;0,00;0;5;0;4;0;0;4;0,45;0;0;0,45;4;0,00;4;0,45;0;0;0;-
Radja Nainggolan | Roma & Belgium;0;0;0;;0;0,00;0;5;0;1;0;0;2;0,50;0;0;0,5;1;0,00;1;0,50;0;0;0;-
Nalso | Wolfsburg & Brazil;0;1;0;;0;0,00;1;6;1;4;2;1;1;1,00;0;0;1;2;1,00;2;0,00;2;1;2;0,50
Nahitan Nandez | Peñarol & Uruguay*;0;0;0;;0;0,00;1;6;1;24;2;6;16;1,91;0;0;1,908;17;0,06;17;1,85;7;0,148;7;0,02
Jesus Navas | Manchester City & Spain;0;0;0;;0;0,00;1;6;1;2;1;2;1;0,30;0;0;0,3;1;0,30;1;0,00;1;2,71;1;2,71
Keylor Navas | Real Madrid & Costa Rica*;0;0;0;;0;0,00;1;6;1;2;1;1;1;0,08;0;0;0,075;1;0,08;1;0,00;1;2,093;1;2,09
Cheikh N’Doye Angers & Senegal*;0;0;0;;0;0,00;2;6;1;8;3;1;5;2,04;0;0;2,036;4;1,29;4;0,75;4;1,291;4;0,32
Manuel Neuer Bayern Munich & Germany;0;0;0;;0;0,00;1;7;1;31;10;11;12;1,86;0;0;1,86;11;1,22;10;0,64;21;4,904;21;0,23
Ruben Neves | Porto & Portugal;0;0;0;;0;0,00;2;10;2;6;3;1;3;1,17;1,17;0;0;3;1,17;3;0,00;3;1,17;3;0,39
Neymar | Barcelona & Brazil;0;0;0;;0;0,00;0;11;0;1;0;0;1;0,02;0;0;0,015;1;0,00;1;0,02;0;0;0;-
Oumar Niasse Everton & Senegal*;0;0;0;;0;0,00;3;11;1;66;4;8;23;1,48;0;0;1,483;26;1,46;26;0,02;40;8,773;40;0,22
Nemanja Nikolic Legia & Hungary*;0;0;0;;0;0,00;2;12;1;9;6;1;2;0,35;0;0;0,35;2;0,35;2;0,00;7;0,35;7;0,05
Casimir Ninga Montpellier & Chad*;0;0;0;;0;0,00;1;14;1;13;2;3;9;1,19;0;0;1,19;11;0,02;11;1,18;2;0,045;2;0,02
Nicolas Nkoulou Marseille & Cameroon;0;0;0;;0;0,00;1;16;1;6;3;2;4;0,67;0;0;0,67;3;0,51;3;0,16;3;0,61;3;0,20
Christian Noboa Rostov & Ecuador;0;0;0;;0;0,00;1;29;2;20;6;5;5;1,47;0;1,399;0,07;4;1,47;4;0,00;16;12,839;16;0,80
Nolito | Celta Vigo & Spain;0;1;0;;0;0,00;1;48;1;3;2;6;1;0,02;0;0;0,02;1;0,02;1;0,00;2;0,23;2;0,12
Paul-Georges Ntep Rennes & France;0;0;0;;0;0,00;3;248;1;6;1;1;3;0,15;0;0;0,1;3;0,15;3;0,00;3;0,15;3;0,05
;;;;;;;;;;;;;;;;;;;;;;;;;
;;;;;;;;;;;;;;;;;;;;;;;;;
;;;;;;;;;;;;;;;;;;;;;;;;;
;;;;;;;;;;;;;;;;;;;;;;;;;
;;;;;;;;;;;;;;;;;;;;;;;;;
;;;;;;;;;;;;;;;;;;;;;;;;;
;;;;;;;;;;;;;;;;;;;;;;;;;
;;;;;;;;;;;;;;;;;;;;;;;;;
;;;;;;;;;;;;;;;;;;;;;;;;;
;;;;;;;;;;;;;;;;;;;;;;;;;
;;;;;;;;;;;;;;;;;;;;;;;;;
;;;;;;;;;;;;;;;;;;;;;;;;;
;;;;;;;;;;;;;;;;;;;;;;;;;
;;;;;;;;;;;;;;;;;;;;;;;;;
;;;;;;;;;;;;;;;;;;;;;;;;;
;;;;;;;;;;;;;;;;;;;;;;;;;
;;;;;;;;;;;;;;;;;;;;;;;;;
;;;;;;;;;;;;;;;;;;;;;;;;;
;;;;;;;;;;;;;;;;;;;;;;;;;
;;;;;;;;;;;;;;;;;;;;;;;;;
;;;;;;;;;;;;;;;;;;;;;;;;;
;;;;;;;;;;;;;;;;;;;;;;;;;
;;;;;;;;;;;;;;;;;;;;;;;;;
;;;;;;;;;;;;;;;;;;;;;;;;;
;;;;;;;;;;;;;;;;;;;;;;;;;
;;;;;;;;;;;;;;;;;;;;;;;;;
;;;;;;;;;;;;;;;;;;;;;;;;;
;;;;;;;;;;;;;;;;;;;;;;;;;
;;;;;;;;;;;;;;;;;;;;;;;;;
;;;;;;;;;;;;;;;;;;;;;;;;;
;;;;;;;;;;;;;;;;;;;;;;;;;
;;;;;;;;;;;;;;;;;;;;;;;;;
;;;;;;;;;;;;;;;;;;;;;;;;;
;;;;;;;;;;;;;;;;;;;;;;;;;
;;;;;;;;;;;;;;;;;;;;;;;;;
;;;;;;;;;;;;;;;;;;;;;;;;;
;;;;;;;;;;;;;;;;;;;;;;;;;
;;;;;;;;;;;;;;;;;;;;;;;;;
;;;;;;;;;;;;;;;;;;;;;;;;;
;;;;;;;;;;;;;;;;;;;;;;;;;
;;;;;;;;;;;;;;;;;;;;;;;;;
;;;;;;;;;;;;;;;;;;;;;;;;;
;;;;;;;;;;;;;;;;;;;;;;;;;
;;;;;;;;;;;;;;;;;;;;;;;;;
;;;;;;;;;;;;;;;;;;;;;;;;;
;;;;;;;;;;;;;;;;;;;;;;;;;
;;;;;;;;;;;;;;;;;;;;;;;;;
;;;;;;;;;;;;;;;;;;;;;;;;;
;;;;;;;;;;;;;;;;;;;;;;;;;
;;;;;;;;;;;;;;;;;;;;;;;;;
;;;;;;;;;;;;;;;;;;;;;;;;;
;;;;;;;;;;;;;;;;;;;;;;;;;
;;;;;;;;;;;;;;;;;;;;;;;;;
;;;;;;;;;;;;;;;;;;;;;;;;;
;;;;;;;;;;;;;;;;;;;;;;;;;
;;;;;;;;;;;;;;;;;;;;;;;;;
;;;;;;;;;;;;;;;;;;;;;;;;;
;;;;;;;;;;;;;;;;;;;;;;;;;
;;;;;;;;;;;;;;;;;;;;;;;;;
;;;;;;;;;;;;;;;;;;;;;;;;;
;;;;;;;;;;;;;;;;;;;;;;;;;
;;;;;;;;;;;;;;;;;;;;;;;;;
;;;;;;;;;;;;;;;;;;;;;;;;;
;;;;;;;;;;;;;;;;;;;;;;;;;
;;;;;;;;;;;;;;;;;;;;;;;;;
;;;;;;;;;;;;;;;;;;;;;;;;;
;;;;;;;;;;;;;;;;;;;;;;;;;
;;;;;;;;;;;;;;;;;;;;;;;;;
;;;;;;;;;;;;;;;;;;;;;;;;;
;;;;;;;;;;;;;;;;;;;;;;;;;
;;;;;;;;;;;;;;;;;;;;;;;;;
;;;;;;;;;;;;;;;;;;;;;;;;;
;;;;;;;;;;;;;;;;;;;;;;;;;
;;;;;;;;;;;;;;;;;;;;;;;;;
;;;;;;;;;;;;;;;;;;;;;;;;;
;;;;;;;;;;;;;;;;;;;;;;;;;
;;;;;;;;;;;;;;;;;;;;;;;;;
;;;;;;;;;;;;;;;;;;;;;;;;;
;;;;;;;;;;;;;;;;;;;;;;;;;
;;;;;;;;;;;;;;;;;;;;;;;;;
;;;;;;;;;;;;;;;;;;;;;;;;;
;;;;;;;;;;;;;;;;;;;;;;;;;
;;;;;;;;;;;;;;;;;;;;;;;;;
;;;;;;;;;;;;;;;;;;;;;;;;;
;;;;;;;;;;;;;;;;;;;;;;;;;
;;;;;;;;;;;;;;;;;;;;;;;;;
;;;;;;;;;;;;;;;;;;;;;;;;;
;;;;;;;;;;;;;;;;;;;;;;;;;
;;;;;;;;;;;;;;;;;;;;;;;;;
;;;;;;;;;;;;;;;;;;;;;;;;;
;;;;;;;;;;;;;;;;;;;;;;;;;
;;;;;;;;;;;;;;;;;;;;;;;;;
;;;;;;;;;;;;;;;;;;;;;;;;;
;;;;;;;;;;;;;;;;;;;;;;;;;
;;;;;;;;;;;;;;;;;;;;;;;;;
;;;;;;;;;;;;;;;;;;;;;;;;;
;;;;;;;;;;;;;;;;;;;;;;;;;
;;;;;;;;;;;;;;;;;;;;;;;;;
;;;;;;;;;;;;;;;;;;;;;;;;;
;;;;;;;;;;;;;;;;;;;;;;;;;
;;;;;;;;;;;;;;;;;;;;;;;;;
;;;;;;;;;;;;;;;;;;;;;;;;;
;;;;;;;;;;;;;;;;;;;;;;;;;
;;;;;;;;;;;;;;;;;;;;;;;;;
;;;;;;;;;;;;;;;;;;;;;;;;;
;;;;;;;;;;;;;;;;;;;;;;;;;
;;;;;;;;;;;;;;;;;;;;;;;;;
;;;;;;;;;;;;;;;;;;;;;;;;;
;;;;;;;;;;;;;;;;;;;;;;;;;
;;;;;;;;;;;;;;;;;;;;;;;;;
;;;;;;;;;;;;;;;;;;;;;;;;;
;;;;;;;;;;;;;;;;;;;;;;;;;
;;;;;;;;;;;;;;;;;;;;;;;;;
;;;;;;;;;;;;;;;;;;;;;;;;;
;;;;;;;;;;;;;;;;;;;;;;;;;
;;;;;;;;;;;;;;;;;;;;;;;;;
;;;;;;;;;;;;;;;;;;;;;;;;;
;;;;;;;;;;;;;;;;;;;;;;;;;
;;;;;;;;;;;;;;;;;;;;;;;;;
;;;;;;;;;;;;;;;;;;;;;;;;;
;;;;;;;;;;;;;;;;;;;;;;;;;
;;;;;;;;;;;;;;;;;;;;;;;;;
;;;;;;;;;;;;;;;;;;;;;;;;;
;;;;;;;;;;;;;;;;;;;;;;;;;
;;;;;;;;;;;;;;;;;;;;;;;;;
;;;;;;;;;;;;;;;;;;;;;;;;;
;;;;;;;;;;;;;;;;;;;;;;;;;
;;;;;;;;;;;;;;;;;;;;;;;;;
;;;;;;;;;;;;;;;;;;;;;;;;;
;;;;;;;;;;;;;;;;;;;;;;;;;
;;;;;;;;;;;;;;;;;;;;;;;;;
;;;;;;;;;;;;;;;;;;;;;;;;;
;;;;;;;;;;;;;;;;;;;;;;;;;
;;;;;;;;;;;;;;;;;;;;;;;;;
;;;;;;;;;;;;;;;;;;;;;;;;;
;;;;;;;;;;;;;;;;;;;;;;;;;
;;;;;;;;;;;;;;;;;;;;;;;;;
;;;;;;;;;;;;;;;;;;;;;;;;;
;;;;;;;;;;;;;;;;;;;;;;;;;
;;;;;;;;;;;;;;;;;;;;;;;;;
;;;;;;;;;;;;;;;;;;;;;;;;;
;;;;;;;;;;;;;;;;;;;;;;;;;
;;;;;;;;;;;;;;;;;;;;;;;;;
;;;;;;;;;;;;;;;;;;;;;;;;;
;;;;;;;;;;;;;;;;;;;;;;;;;
;;;;;;;;;;;;;;;;;;;;;;;;;
;;;;;;;;;;;;;;;;;;;;;;;;;
;;;;;;;;;;;;;;;;;;;;;;;;;
;;;;;;;;;;;;;;;;;;;;;;;;;
;;;;;;;;;;;;;;;;;;;;;;;;;
;;;;;;;;;;;;;;;;;;;;;;;;;
;;;;;;;;;;;;;;;;;;;;;;;;;
;;;;;;;;;;;;;;;;;;;;;;;;;
;;;;;;;;;;;;;;;;;;;;;;;;;
;;;;;;;;;;;;;;;;;;;;;;;;;
;;;;;;;;;;;;;;;;;;;;;;;;;
;;;;;;;;;;;;;;;;;;;;;;;;;
;;;;;;;;;;;;;;;;;;;;;;;;;
;;;;;;;;;;;;;;;;;;;;;;;;;
;;;;;;;;;;;;;;;;;;;;;;;;;
;;;;;;;;;;;;;;;;;;;;;;;;;
;;;;;;;;;;;;;;;;;;;;;;;;;
;;;;;;;;;;;;;;;;;;;;;;;;;
;;;;;;;;;;;;;;;;;;;;;;;;;
;;;;;;;;;;;;;;;;;;;;;;;;;
;;;;;;;;;;;;;;;;;;;;;;;;;
;;;;;;;;;;;;;;;;;;;;;;;;;
;;;;;;;;;;;;;;;;;;;;;;;;;
;;;;;;;;;;;;;;;;;;;;;;;;;
;;;;;;;;;;;;;;;;;;;;;;;;;
;;;;;;;;;;;;;;;;;;;;;;;;;
;;;;;;;;;;;;;;;;;;;;;;;;;
;;;;;;;;;;;;;;;;;;;;;;;;;
;;;;;;;;;;;;;;;;;;;;;;;;;
;;;;;;;;;;;;;;;;;;;;;;;;;
;;;;;;;;;;;;;;;;;;;;;;;;;
;;;;;;;;;;;;;;;;;;;;;;;;;
;;;;;;;;;;;;;;;;;;;;;;;;;
;;;;;;;;;;;;;;;;;;;;;;;;;
;;;;;;;;;;;;;;;;;;;;;;;;;
;;;;;;;;;;;;;;;;;;;;;;;;;
;;;;;;;;;;;;;;;;;;;;;;;;;
;;;;;;;;;;;;;;;;;;;;;;;;;
;;;;;;;;;;;;;;;;;;;;;;;;;
;;;;;;;;;;;;;;;;;;;;;;;;;
;;;;;;;;;;;;;;;;;;;;;;;;;
;;;;;;;;;;;;;;;;;;;;;;;;;
;;;;;;;;;;;;;;;;;;;;;;;;;
;;;;;;;;;;;;;;;;;;;;;;;;;
;;;;;;;;;;;;;;;;;;;;;;;;;
;;;;;;;;;;;;;;;;;;;;;;;;;
;;;;;;;;;;;;;;;;;;;;;;;;;
;;;;;;;;;;;;;;;;;;;;;;;;;
;;;;;;;;;;;;;;;;;;;;;;;;;
;;;;;;;;;;;;;;;;;;;;;;;;;
;;;;;;;;;;;;;;;;;;;;;;;;;
;;;;;;;;;;;;;;;;;;;;;;;;;
;;;;;;;;;;;;;;;;;;;;;;;;;
;;;;;;;;;;;;;;;;;;;;;;;;;
;;;;;;;;;;;;;;;;;;;;;;;;;
;;;;;;;;;;;;;;;;;;;;;;;;;
;;;;;;;;;;;;;;;;;;;;;;;;;
;;;;;;;;;;;;;;;;;;;;;;;;;
;;;;;;;;;;;;;;;;;;;;;;;;;
;;;;;;;;;;;;;;;;;;;;;;;;;
;;;;;;;;;;;;;;;;;;;;;;;;;
;;;;;;;;;;;;;;;;;;;;;;;;;
;;;;;;;;;;;;;;;;;;;;;;;;;
;;;;;;;;;;;;;;;;;;;;;;;;;
;;;;;;;;;;;;;;;;;;;;;;;;;
;;;;;;;;;;;;;;;;;;;;;;;;;
;;;;;;;;;;;;;;;;;;;;;;;;;
;;;;;;;;;;;;;;;;;;;;;;;;;
;;;;;;;;;;;;;;;;;;;;;;;;;
;;;;;;;;;;;;;;;;;;;;;;;;;
;;;;;;;;;;;;;;;;;;;;;;;;;
;;;;;;;;;;;;;;;;;;;;;;;;;
;;;;;;;;;;;;;;;;;;;;;;;;;
;;;;;;;;;;;;;;;;;;;;;;;;;
;;;;;;;;;;;;;;;;;;;;;;;;;
;;;;;;;;;;;;;;;;;;;;;;;;;
;;;;;;;;;;;;;;;;;;;;;;;;;
;;;;;;;;;;;;;;;;;;;;;;;;;
;;;;;;;;;;;;;;;;;;;;;;;;;
;;;;;;;;;;;;;;;;;;;;;;;;;
;;;;;;;;;;;;;;;;;;;;;;;;;
;;;;;;;;;;;;;;;;;;;;;;;;;
;;;;;;;;;;;;;;;;;;;;;;;;;
;;;;;;;;;;;;;;;;;;;;;;;;;
;;;;;;;;;;;;;;;;;;;;;;;;;
;;;;;;;;;;;;;;;;;;;;;;;;;
;;;;;;;;;;;;;;;;;;;;;;;;;
;;;;;;;;;;;;;;;;;;;;;;;;;
;;;;;;;;;;;;;;;;;;;;;;;;;
;;;;;;;;;;;;;;;;;;;;;;;;;
;;;;;;;;;;;;;;;;;;;;;;;;;
;;;;;;;;;;;;;;;;;;;;;;;;;
;;;;;;;;;;;;;;;;;;;;;;;;;
;;;;;;;;;;;;;;;;;;;;;;;;;
;;;;;;;;;;;;;;;;;;;;;;;;;
;;;;;;;;;;;;;;;;;;;;;;;;;
;;;;;;;;;;;;;;;;;;;;;;;;;
;;;;;;;;;;;;;;;;;;;;;;;;;
;;;;;;;;;;;;;;;;;;;;;;;;;
;;;;;;;;;;;;;;;;;;;;;;;;;
;;;;;;;;;;;;;;;;;;;;;;;;;
;;;;;;;;;;;;;;;;;;;;;;;;;
;;;;;;;;;;;;;;;;;;;;;;;;;
;;;;;;;;;;;;;;;;;;;;;;;;;
;;;;;;;;;;;;;;;;;;;;;;;;;
;;;;;;;;;;;;;;;;;;;;;;;;;
;;;;;;;;;;;;;;;;;;;;;;;;;
;;;;;;;;;;;;;;;;;;;;;;;;;
;;;;;;;;;;;;;;;;;;;;;;;;;
;;;;;;;;;;;;;;;;;;;;;;;;;
;;;;;;;;;;;;;;;;;;;;;;;;;
;;;;;;;;;;;;;;;;;;;;;;;;;
;;;;;;;;;;;;;;;;;;;;;;;;;
;;;;;;;;;;;;;;;;;;;;;;;;;
;;;;;;;;;;;;;;;;;;;;;;;;;
;;;;;;;;;;;;;;;;;;;;;;;;;
;;;;;;;;;;;;;;;;;;;;;;;;;
;;;;;;;;;;;;;;;;;;;;;;;;;
;;;;;;;;;;;;;;;;;;;;;;;;;
;;;;;;;;;;;;;;;;;;;;;;;;;
;;;;;;;;;;;;;;;;;;;;;;;;;
;;;;;;;;;;;;;;;;;;;;;;;;;
;;;;;;;;;;;;;;;;;;;;;;;;;
;;;;;;;;;;;;;;;;;;;;;;;;;
;;;;;;;;;;;;;;;;;;;;;;;;;
;;;;;;;;;;;;;;;;;;;;;;;;;
;;;;;;;;;;;;;;;;;;;;;;;;;
;;;;;;;;;;;;;;;;;;;;;;;;;
;;;;;;;;;;;;;;;;;;;;;;;;;
;;;;;;;;;;;;;;;;;;;;;;;;;
;;;;;;;;;;;;;;;;;;;;;;;;;
;;;;;;;;;;;;;;;;;;;;;;;;;
;;;;;;;;;;;;;;;;;;;;;;;;;
;;;;;;;;;;;;;;;;;;;;;;;;;
;;;;;;;;;;;;;;;;;;;;;;;;;
;;;;;;;;;;;;;;;;;;;;;;;;;
;;;;;;;;;;;;;;;;;;;;;;;;;
;;;;;;;;;;;;;;;;;;;;;;;;;
;;;;;;;;;;;;;;;;;;;;;;;;;
;;;;;;;;;;;;;;;;;;;;;;;;;
;;;;;;;;;;;;;;;;;;;;;;;;;
;;;;;;;;;;;;;;;;;;;;;;;;;
;;;;;;;;;;;;;;;;;;;;;;;;;
;;;;;;;;;;;;;;;;;;;;;;;;;
;;;;;;;;;;;;;;;;;;;;;;;;;
;;;;;;;;;;;;;;;;;;;;;;;;;
;;;;;;;;;;;;;;;;;;;;;;;;;
;;;;;;;;;;;;;;;;;;;;;;;;;
;;;;;;;;;;;;;;;;;;;;;;;;;
;;;;;;;;;;;;;;;;;;;;;;;;;
;;;;;;;;;;;;;;;;;;;;;;;;;
;;;;;;;;;;;;;;;;;;;;;;;;;
;;;;;;;;;;;;;;;;;;;;;;;;;
;;;;;;;;;;;;;;;;;;;;;;;;;
;;;;;;;;;;;;;;;;;;;;;;;;;
;;;;;;;;;;;;;;;;;;;;;;;;;
;;;;;;;;;;;;;;;;;;;;;;;;;
;;;;;;;;;;;;;;;;;;;;;;;;;
;;;;;;;;;;;;;;;;;;;;;;;;;
;;;;;;;;;;;;;;;;;;;;;;;;;
;;;;;;;;;;;;;;;;;;;;;;;;;
;;;;;;;;;;;;;;;;;;;;;;;;;
;;;;;;;;;;;;;;;;;;;;;;;;;
;;;;;;;;;;;;;;;;;;;;;;;;;
;;;;;;;;;;;;;;;;;;;;;;;;;
;;;;;;;;;;;;;;;;;;;;;;;;;
;;;;;;;;;;;;;;;;;;;;;;;;;
;;;;;;;;;;;;;;;;;;;;;;;;;
;;;;;;;;;;;;;;;;;;;;;;;;;
;;;;;;;;;;;;;;;;;;;;;;;;;
;;;;;;;;;;;;;;;;;;;;;;;;;
;;;;;;;;;;;;;;;;;;;;;;;;;
;;;;;;;;;;;;;;;;;;;;;;;;;
;;;;;;;;;;;;;;;;;;;;;;;;;
;;;;;;;;;;;;;;;;;;;;;;;;;
;;;;;;;;;;;;;;;;;;;;;;;;;
;;;;;;;;;;;;;;;;;;;;;;;;;
;;;;;;;;;;;;;;;;;;;;;;;;;
;;;;;;;;;;;;;;;;;;;;;;;;;
;;;;;;;;;;;;;;;;;;;;;;;;;
;;;;;;;;;;;;;;;;;;;;;;;;;
;;;;;;;;;;;;;;;;;;;;;;;;;
;;;;;;;;;;;;;;;;;;;;;;;;;
;;;;;;;;;;;;;;;;;;;;;;;;;
;;;;;;;;;;;;;;;;;;;;;;;;;
;;;;;;;;;;;;;;;;;;;;;;;;;
;;;;;;;;;;;;;;;;;;;;;;;;;
;;;;;;;;;;;;;;;;;;;;;;;;;
;;;;;;;;;;;;;;;;;;;;;;;;;
;;;;;;;;;;;;;;;;;;;;;;;;;
;;;;;;;;;;;;;;;;;;;;;;;;;
;;;;;;;;;;;;;;;;;;;;;;;;;
;;;;;;;;;;;;;;;;;;;;;;;;;
;;;;;;;;;;;;;;;;;;;;;;;;;
;;;;;;;;;;;;;;;;;;;;;;;;;
;;;;;;;;;;;;;;;;;;;;;;;;;
;;;;;;;;;;;;;;;;;;;;;;;;;
;;;;;;;;;;;;;;;;;;;;;;;;;
;;;;;;;;;;;;;;;;;;;;;;;;;
;;;;;;;;;;;;;;;;;;;;;;;;;
;;;;;;;;;;;;;;;;;;;;;;;;;
;;;;;;;;;;;;;;;;;;;;;;;;;
;;;;;;;;;;;;;;;;;;;;;;;;;
;;;;;;;;;;;;;;;;;;;;;;;;;
;;;;;;;;;;;;;;;;;;;;;;;;;
;;;;;;;;;;;;;;;;;;;;;;;;;
;;;;;;;;;;;;;;;;;;;;;;;;;
;;;;;;;;;;;;;;;;;;;;;;;;;
;;;;;;;;;;;;;;;;;;;;;;;;;
;;;;;;;;;;;;;;;;;;;;;;;;;
;;;;;;;;;;;;;;;;;;;;;;;;;
;;;;;;;;;;;;;;;;;;;;;;;;;
;;;;;;;;;;;;;;;;;;;;;;;;;
;;;;;;;;;;;;;;;;;;;;;;;;;
;;;;;;;;;;;;;;;;;;;;;;;;;
;;;;;;;;;;;;;;;;;;;;;;;;;
;;;;;;;;;;;;;;;;;;;;;;;;;
;;;;;;;;;;;;;;;;;;;;;;;;;
;;;;;;;;;;;;;;;;;;;;;;;;;